{" Science,Technology & Environment": {"uttarakhand": 18698.5, "puducherry": 594.80999999999995, "karnataka": 35535.0, "himachal pradesh": 14649.0, "mizoram": 3415.21, "danddiu": 785.0, "tamil nadu": 16178.0, "aandn islands": 3254.0, "jammu and kashmir": 3682.1999999999998, "haryana": 19195.220000000001, "punjab": 5164.7399999999998, "goa": 7932.6499999999996, "kerala": 34040.0, "orissa": 31333.0, "wb": 24444.0, "andhra pradesh": 5973.5, "jarkhand": 14400.16, "dandn haveli": 594.0, "meghalaya": 5740.0, "delhi": 8450.0, "assam": 14979.0, "lakshadweep": 3900.0, "manipur": 6883.0, "rajasthan": 14619.32, "arunachal pradesh": 5198.6899999999996, "total states": 537978.38, "sikkim": 6829.3900000000003, "up": 14600.0, "bihar": 18348.380000000001, "nagaland": 4969.0, "mp": 50467.339999999997, "gujarat": 88318.350000000006, "maharashtra": 30538.759999999998, "chhatisgarh": 3513.0, "tripura": 4322.9700000000003}, " Social Services": {"uttarakhand": 269693.62, "puducherry": 93320.190000000002, "karnataka": 1417852.0, "himachal pradesh": 99668.690000000002, "mizoram": 54155.169999999998, "danddiu": 12133.0, "tamil nadu": 1261149.0, "aandn islands": 52830.0, "jammu and kashmir": 228528.14000000001, "haryana": 749435.26000000001, "punjab": 335985.78000000003, "goa": 136812.29999999999, "kerala": 386639.0, "orissa": 436756.5, "wb": 1207810.1000000001, "andhra pradesh": 1595257.1399999999, "jarkhand": 434841.0, "dandn haveli": 13933.0, "meghalaya": 83668.0, "delhi": 829179.0, "assam": 261442.03, "lakshadweep": 10393.0, "manipur": 92393.649999999994, "rajasthan": 835320.48999999999, "arunachal pradesh": 44545.410000000003, "total states": 17871527.879999999, "sikkim": 56477.959999999999, "up": 1730220.0, "bihar": 834805.32999999996, "nagaland": 49183.949999999997, "mp": 887370.42000000004, "gujarat": 1502400.6399999999, "maharashtra": 1955801.02, "chhatisgarh": 55040.0, "tripura": 83345.279999999999}, " Irrigation & Flood Control": {"uttarakhand": 53596.660000000003, "puducherry": 3321.2600000000002, "karnataka": 684341.0, "himachal pradesh": 36619.0, "mizoram": 5376.0, "danddiu": 544.0, "tamil nadu": 63233.0, "aandn islands": 1762.0, "jammu and kashmir": 45030.639999999999, "haryana": 98500.0, "punjab": 74301.600000000006, "goa": 26659.0, "kerala": 55103.0, "orissa": 184219.0, "wb": 190273.01999999999, "andhra pradesh": 1496963.0, "jarkhand": 70500.0, "dandn haveli": 1536.0, "meghalaya": 12840.0, "delhi": 6000.0, "assam": 103632.25, "lakshadweep": 300.0, "manipur": 45386.43, "rajasthan": 97088.139999999999, "arunachal pradesh": 11755.190000000001, "total states": 6003393.4900000002, "sikkim": 14391.959999999999, "up": 240699.0, "bihar": 172632.56, "nagaland": 14863.0, "mp": 304664.66999999998, "gujarat": 932756.80000000005, "maharashtra": 757717.20999999996, "chhatisgarh": 39.0, "tripura": 6091.3599999999997}, " Rural Development": {"uttarakhand": 56874.029999999999, "puducherry": 8251.1499999999996, "karnataka": 144992.0, "himachal pradesh": 23790.0, "mizoram": 3336.4200000000001, "danddiu": 1262.0, "tamil nadu": 274887.0, "aandn islands": 5956.0, "jammu and kashmir": 13302.379999999999, "haryana": 94161.899999999994, "punjab": 82940.570000000007, "goa": 12653.0, "kerala": 46127.0, "orissa": 31806.0, "wb": 143565.0, "andhra pradesh": 424308.46000000002, "jarkhand": 173645.0, "dandn haveli": 1469.0, "meghalaya": 21146.0, "delhi": 16222.0, "assam": 82327.5, "lakshadweep": 520.0, "manipur": 6221.6599999999999, "rajasthan": 278341.04999999999, "arunachal pradesh": 3439.4000000000001, "total states": 2955129.02, "sikkim": 17281.57, "up": 391899.0, "bihar": 93067.679999999993, "nagaland": 6496.4399999999996, "mp": 195492.73000000001, "gujarat": 155710.81, "maharashtra": 118237.86, "chhatisgarh": 600.0, "tripura": 9464.5599999999995}, " General Economic Services": {"uttarakhand": 14506.469999999999, "puducherry": 3831.9000000000001, "karnataka": 106680.0, "himachal pradesh": 7217.0, "mizoram": 8293.0100000000002, "danddiu": 1654.0, "tamil nadu": 141070.0, "aandn islands": 5668.0, "jammu and kashmir": 100031.24000000001, "haryana": 25439.299999999999, "punjab": 25349.130000000001, "goa": 10332.200000000001, "kerala": 33775.0, "orissa": 32975.5, "wb": 11258.98, "andhra pradesh": 123042.5, "jarkhand": 126235.84, "dandn haveli": 1063.0, "meghalaya": 24203.0, "delhi": 1680.0, "assam": 22544.98, "lakshadweep": 890.0, "manipur": 56836.099999999999, "rajasthan": 24776.619999999999, "arunachal pradesh": 180540.64000000001, "total states": 1641026.9199999999, "sikkim": 20546.669999999998, "up": 93661.0, "bihar": 72077.360000000001, "nagaland": 19021.810000000001, "mp": 70203.100000000006, "gujarat": 154027.42000000001, "maharashtra": 73888.240000000005, "chhatisgarh": 685.0, "tripura": 1194.8099999999999}, " Agriculture & Allied Activities": {"uttarakhand": 52148.089999999997, "puducherry": 19399.529999999999, "karnataka": 365306.0, "himachal pradesh": 29840.0, "mizoram": 34538.75, "danddiu": 1518.0, "tamil nadu": 205252.0, "aandn islands": 5731.0, "jammu and kashmir": 21787.529999999999, "haryana": 88834.220000000001, "punjab": 33184.459999999999, "goa": 14461.75, "kerala": 96263.0, "orissa": 114663.0, "wb": 86761.699999999997, "andhra pradesh": 204494.56, "jarkhand": 64938.0, "dandn haveli": 958.0, "meghalaya": 25180.0, "delhi": 0.0, "assam": 69692.149999999994, "lakshadweep": 3250.0, "manipur": 6640.04, "rajasthan": 111215.66, "arunachal pradesh": 8660.3899999999994, "total states": 3077504.5, "sikkim": 3920.8000000000002, "up": 338277.0, "bihar": 222368.85000000001, "nagaland": 18473.209999999999, "mp": 178120.60999999999, "gujarat": 257797.26999999999, "maharashtra": 255027.32999999999, "chhatisgarh": 54.0, "tripura": 7489.1300000000001}, "Total": {"uttarakhand": 780000.0, "puducherry": 166400.0, "karnataka": 3807002.0, "himachal pradesh": 330684.69, "mizoram": 162493.91, "danddiu": 32495.0, "tamil nadu": 2353502.0, "aandn islands": 143484.0, "jammu and kashmir": 660000.09999999998, "haryana": 2033000.0, "punjab": 970246.59999999998, "goa": 332000.0, "kerala": 1201000.0, "orissa": 1230000.0, "wb": 2221400.0, "andhra pradesh": 4300000.0, "jarkhand": 1223275.0, "dandn haveli": 33635.0, "meghalaya": 272818.0, "delhi": 1513301.0, "assam": 900000.0, "lakshadweep": 38879.0, "manipur": 275401.96999999997, "rajasthan": 2750000.0, "arunachal pradesh": 320000.0, "total states": 44944123.019999996, "sikkim": 140000.0, "up": 4239531.0, "bihar": 2139000.0, "nagaland": 167435.75, "mp": 2300000.0, "gujarat": 3800000.0, "maharashtra": 4200000.0, "chhatisgarh": 66189.0, "tripura": 164305.0}, " Transport": {"uttarakhand": 116313.62, "puducherry": 12348.389999999999, "karnataka": 427154.0, "himachal pradesh": 62190.0, "mizoram": 9320.1000000000004, "danddiu": 8683.0, "tamil nadu": 139284.0, "aandn islands": 55234.0, "jammu and kashmir": 81940.899999999994, "haryana": 124233.0, "punjab": 139921.0, "goa": 36468.849999999999, "kerala": 113439.0, "orissa": 133226.0, "wb": 125594.0, "andhra pradesh": 292865.0, "jarkhand": 147500.0, "dandn haveli": 7534.0, "meghalaya": 30004.0, "delhi": 354795.0, "assam": 85264.679999999993, "lakshadweep": 16200.0, "manipur": 23983.23, "rajasthan": 136727.95000000001, "arunachal pradesh": 25240.290000000001, "total states": 4339461.5300000003, "sikkim": 7654.8199999999997, "up": 309728.0, "bihar": 484427.78000000003, "nagaland": 21151.860000000001, "mp": 254196.20000000001, "gujarat": 371076.52000000002, "maharashtra": 477548.56, "chhatisgarh": 651.0, "tripura": 18676.169999999998}, " Industry & Minerals": {"uttarakhand": 2827.7199999999998, "puducherry": 10207.5, "karnataka": 65785.0, "himachal pradesh": 2702.0, "mizoram": 2774.5, "danddiu": 518.0, "tamil nadu": 24485.0, "aandn islands": 669.0, "jammu and kashmir": 15139.9, "haryana": 7660.0, "punjab": 560.0, "goa": 14401.950000000001, "kerala": 46628.0, "orissa": 8709.0, "wb": 81115.779999999999, "andhra pradesh": 63243.839999999997, "jarkhand": 17400.0, "dandn haveli": 242.0, "meghalaya": 5110.0, "delhi": 2490.0,