{" Science,Technology & Environment": {"puducherry": 594.80999999999995, "Haryana": 19195.220000000001, "Punjab": 5164.7399999999998, "Goa": 7932.6499999999996, "Kerala": 34040.0, "danddiu": 785.0, "Bihar ": 18348.380000000001, "Orissa": 31333.0, "Tamil Nadu": 16178.0, "aandn islands": 3254.0, "Jharkhand": 14400.16, "Meghalaya": 5740.0, "Delhi": 8450.0, "Assam": 14979.0, "Manipur": 6883.0, "Rajasthan": 14619.32, "Sikkim": 6829.3900000000003, "Andhra Pradesh": 5973.5, "wb": 24444.0, "dandn haveli": 594.0, "Himachal Pradesh": 14649.0, "Nagaland": 4969.0, "lakshadweep": 3900.0, "Gujarat": 88318.350000000006, "Arunachal Pradesh": 5198.6899999999996, "Maharashtra": 30538.759999999998, "total states": 537978.38, "Chhatisgarh": 3513.0, "Tripura": 4322.9700000000003, "Uttarakhand": 18698.5, "Karnataka": 35535.0, "Jammu & Kashmir": 3682.1999999999998, "up": 14600.0, "Mizoram": 3415.21, "mp": 50467.339999999997}, " Social Services": {"puducherry": 93320.190000000002, "Haryana": 749435.26000000001, "Punjab": 335985.78000000003, "Goa": 136812.29999999999, "Kerala": 386639.0, "danddiu": 12133.0, "Bihar ": 834805.32999999996, "Orissa": 436756.5, "Tamil Nadu": 1261149.0, "aandn islands": 52830.0, "Jharkhand": 434841.0, "Meghalaya": 83668.0, "Delhi": 829179.0, "Assam": 261442.03, "Manipur": 92393.649999999994, "Rajasthan": 835320.48999999999, "Sikkim": 56477.959999999999, "Andhra Pradesh": 1595257.1399999999, "wb": 1207810.1000000001, "dandn haveli": 13933.0, "Himachal Pradesh": 99668.690000000002, "Nagaland": 49183.949999999997, "lakshadweep": 10393.0, "Gujarat": 1502400.6399999999, "Arunachal Pradesh": 44545.410000000003, "Maharashtra": 1955801.02, "total states": 17871527.879999999, "Chhatisgarh": 55040.0, "Tripura": 83345.279999999999, "Uttarakhand": 269693.62, "Karnataka": 1417852.0, "Jammu & Kashmir": 228528.14000000001, "up": 1730220.0, "Mizoram": 54155.169999999998, "mp": 887370.42000000004}, " Irrigation & Flood Control": {"puducherry": 3321.2600000000002, "Haryana": 98500.0, "Punjab": 74301.600000000006, "Goa": 26659.0, "Kerala": 55103.0, "danddiu": 544.0, "Bihar ": 172632.56, "Orissa": 184219.0, "Tamil Nadu": 63233.0, "aandn islands": 1762.0, "Jharkhand": 70500.0, "Meghalaya": 12840.0, "Delhi": 6000.0, "Assam": 103632.25, "Manipur": 45386.43, "Rajasthan": 97088.139999999999, "Sikkim": 14391.959999999999, "Andhra Pradesh": 1496963.0, "wb": 190273.01999999999, "dandn haveli": 1536.0, "Himachal Pradesh": 36619.0, "Nagaland": 14863.0, "lakshadweep": 300.0, "Gujarat": 932756.80000000005, "Arunachal Pradesh": 11755.190000000001, "Maharashtra": 757717.20999999996, "total states": 6003393.4900000002, "Chhatisgarh": 39.0, "Tripura": 6091.3599999999997, "Uttarakhand": 53596.660000000003, "Karnataka": 684341.0, "Jammu & Kashmir": 45030.639999999999, "up": 240699.0, "Mizoram": 5376.0, "mp": 304664.66999999998}, " Rural Development": {"puducherry": 8251.1499999999996, "Haryana": 94161.899999999994, "Punjab": 82940.570000000007, "Goa": 12653.0, "Kerala": 46127.0, "danddiu": 1262.0, "Bihar ": 93067.679999999993, "Orissa": 31806.0, "Tamil Nadu": 274887.0, "aandn islands": 5956.0, "Jharkhand": 173645.0, "Meghalaya": 21146.0, "Delhi": 16222.0, "Assam": 82327.5, "Manipur": 6221.6599999999999, "Rajasthan": 278341.04999999999, "Sikkim": 17281.57, "Andhra Pradesh": 424308.46000000002, "wb": 143565.0, "dandn haveli": 1469.0, "Himachal Pradesh": 23790.0, "Nagaland": 6496.4399999999996, "lakshadweep": 520.0, "Gujarat": 155710.81, "Arunachal Pradesh": 3439.4000000000001, "Maharashtra": 118237.86, "total states": 2955129.02, "Chhatisgarh": 600.0, "Tripura": 9464.5599999999995, "Uttarakhand": 56874.029999999999, "Karnataka": 144992.0, "Jammu & Kashmir": 13302.379999999999, "up": 391899.0, "Mizoram": 3336.4200000000001, "mp": 195492.73000000001}, " General Economic Services": {"puducherry": 3831.9000000000001, "Haryana": 25439.299999999999, "Punjab": 25349.130000000001, "Goa": 10332.200000000001, "Kerala": 33775.0, "danddiu": 1654.0, "Bihar ": 72077.360000000001, "Orissa": 32975.5, "Tamil Nadu": 141070.0, "aandn islands": 5668.0, "Jharkhand": 126235.84, "Meghalaya": 24203.0, "Delhi": 1680.0, "Assam": 22544.98, "Manipur": 56836.099999999999, "Rajasthan": 24776.619999999999, "Sikkim": 20546.669999999998, "Andhra Pradesh": 123042.5, "wb": 11258.98, "dandn haveli": 1063.0, "Himachal Pradesh": 7217.0, "Nagaland": 19021.810000000001, "lakshadweep": 890.0, "Gujarat": 154027.42000000001, "Arunachal Pradesh": 180540.64000000001, "Maharashtra": 73888.240000000005, "total states": 1641026.9199999999, "Chhatisgarh": 685.0, "Tripura": 1194.8099999999999, "Uttarakhand": 14506.469999999999, "Karnataka": 106680.0, "Jammu & Kashmir": 100031.24000000001, "up": 93661.0, "Mizoram": 8293.0100000000002, "mp": 70203.100000000006}, " Agriculture & Allied Activities": {"puducherry": 19399.529999999999, "Haryana": 88834.220000000001, "Punjab": 33184.459999999999, "Goa": 14461.75, "Kerala": 96263.0, "danddiu": 1518.0, "Bihar ": 222368.85000000001, "Orissa": 114663.0, "Tamil Nadu": 205252.0, "aandn islands": 5731.0, "Jharkhand": 64938.0, "Meghalaya": 25180.0, "Delhi": 0.0, "Assam": 69692.149999999994, "Manipur": 6640.04, "Rajasthan": 111215.66, "Sikkim": 3920.8000000000002, "Andhra Pradesh": 204494.56, "wb": 86761.699999999997, "dandn haveli": 958.0, "Himachal Pradesh": 29840.0, "Nagaland": 18473.209999999999, "lakshadweep": 3250.0, "Gujarat": 257797.26999999999, "Arunachal Pradesh": 8660.3899999999994, "Maharashtra": 255027.32999999999, "total states": 3077504.5, "Chhatisgarh": 54.0, "Tripura": 7489.1300000000001, "Uttarakhand": 52148.089999999997, "Karnataka": 365306.0, "Jammu & Kashmir": 21787.529999999999, "up": 338277.0, "Mizoram": 34538.75, "mp": 178120.60999999999}, "Total": {"puducherry": 166400.0, "Haryana": 2033000.0, "Punjab": 970246.59999999998, "Goa": 332000.0, "Kerala": 1201000.0, "danddiu": 32495.0, "Bihar ": 2139000.0, "Orissa": 1230000.0, "Tamil Nadu": 2353502.0, "aandn islands": 143484.0, "Jharkhand": 1223275.0, "Meghalaya": 272818.0, "Delhi": 1513301.0, "Assam": 900000.0, "Manipur": 275401.96999999997, "Rajasthan": 2750000.0, "Sikkim": 140000.0, "Andhra Pradesh": 4300000.0, "wb": 2221400.0, "dandn haveli": 33635.0, "Himachal Pradesh": 330684.69, "Nagaland": 167435.75, "lakshadweep": 38879.0, "Gujarat": 3800000.0, "Arunachal Pradesh": 320000.0, "Maharashtra": 4200000.0, "total states": 44944123.019999996, "Chhatisgarh": 66189.0, "Tripura": 164305.0, "Uttarakhand": 780000.0, "Karnataka": 3807002.0, "Jammu & Kashmir": 660000.09999999998, "up": 4239531.0, "Mizoram": 162493.91, "mp": 2300000.0}, " Transport": {"puducherry": 12348.389999999999, "Haryana": 124233.0, "Punjab": 139921.0, "Goa": 36468.849999999999, "Kerala": 113439.0, "danddiu": 8683.0, "Bihar ": 484427.78000000003, "Orissa": 133226.0, "Tamil Nadu": 139284.0, "aandn islands": 55234.0, "Jharkhand": 147500.0, "Meghalaya": 30004.0, "Delhi": 354795.0, "Assam": 85264.679999999993, "Manipur": 23983.23, "Rajasthan": 136727.95000000001, "Sikkim": 7654.8199999999997, "Andhra Pradesh": 292865.0, "wb": 125594.0, "dandn haveli": 7534.0, "Himachal Pradesh": 62190.0, "Nagaland": 21151.860000000001, "lakshadweep": 16200.0, "Gujarat": 371076.52000000002, "Arunachal Pradesh": 25240.290000000001, "Maharashtra": 477548.56, "total states": 4339461.5300000003, "Chhatisgarh": 651.0, "Tripura": 18676.169999999998, "Uttarakhand": 116313.62, "Karnataka": 427154.0, "Jammu & Kashmir": 81940.899999999994, "up": 309728.0, "Mizoram": 9320.1000000000004, "mp": 254196.20000000001}, " Industry & Minerals": {"puducherry": 10207.5, "Haryana": 7660.0, "Punjab": 560.0, "Goa": 14401.950000000001, "Kerala": 46628.0, "danddiu": 518.0, "Bihar ": 31944.66, "Orissa": 8709.0, "Tamil Nadu": 24485.0, "aandn islands": 669.0, "Jharkhand": 17400.0, "Meghalaya": 5110.0, "Delhi": 2490.0, "Assam": 17075.18, "Manipur": 4278.75, "Rajasthan": 17850.060000000001, "Sikkim": 714.61000000000001, "Andhra Pradesh": 63243.839999999997, "wb": 81115.779999999999, "dandn haveli": 242.0,